Depth,From,To,Value_Sent,Time_Of_Transaction,TX_Count
1,358XUhiKFgzerNzdJk1WQA8aKz3GPRDzFU,bc1q0nxyajfzgn5ds7na8c06ly8jqypy57vfcuv422ut7alc7jrl8maqtes32m,1030311,2022-06-26 13:30:07,8
2,bc1q0nxyajfzgn5ds7na8c06ly8jqypy57vfcuv422ut7alc7jrl8maqtes32m,3DFsCoPzFPVjzovPb11obVLreACxA7mBS9,6933000,2022-06-28 17:31:31,2
3,3DFsCoPzFPVjzovPb11obVLreACxA7mBS9,bc1q9saqd3uh30e0sas9aggklut9qans3hddhpqqfc,896305579,2022-06-28 17:46:39,2
4,bc1q9saqd3uh30e0sas9aggklut9qans3hddhpqqfc,bc1qv39wmycmhzx63d7cwzsam475laefnnfcxv32hu,741456162,2022-06-28 19:06:15,2
5,bc1qv39wmycmhzx63d7cwzsam475laefnnfcxv32hu,,,2022-06-28 19:44:19,2
5,bc1qv39wmycmhzx63d7cwzsam475laefnnfcxv32hu,,,2022-06-28 19:44:19,2
5,bc1qv39wmycmhzx63d7cwzsam475laefnnfcxv32hu,,,2022-06-28 19:44:19,2
4,bc1q9saqd3uh30e0sas9aggklut9qans3hddhpqqfc,3Ewv2E8sz7RXDbminJbDT4TnPPHRBvC4V3,94989160,2022-06-28 19:06:15,2
5,3Ewv2E8sz7RXDbminJbDT4TnPPHRBvC4V3,,,2022-07-02 11:00:20,51
4,bc1q9saqd3uh30e0sas9aggklut9qans3hddhpqqfc,3CL1PsVjyt5nDPdQfkynexstpzbSvqCV9Y,24175647,2022-06-28 19:06:15,2
5,3CL1PsVjyt5nDPdQfkynexstpzbSvqCV9Y,,,2022-07-06 19:01:13,10
5,3CL1PsVjyt5nDPdQfkynexstpzbSvqCV9Y,,,2022-07-06 19:01:13,10
5,3CL1PsVjyt5nDPdQfkynexstpzbSvqCV9Y,,,2022-07-06 19:01:13,10
1,358XUhiKFgzerNzdJk1WQA8aKz3GPRDzFU,bc1qg9m2dcx4s3zyppgj5tgkxtfx9s96ere0lvy74u,174964,2022-06-26 13:30:07,8
2,bc1qg9m2dcx4s3zyppgj5tgkxtfx9s96ere0lvy74u,bc1q9yn6zdkjjlh0z5y6sqpdvwq7pwkeh5r0ka28ad,25285833,2022-06-26 13:45:29,2
3,bc1q9yn6zdkjjlh0z5y6sqpdvwq7pwkeh5r0ka28ad,,,,139248
2,bc1qg9m2dcx4s3zyppgj5tgkxtfx9s96ere0lvy74u,bc1q0v2spmc4y245tt3yhnsq3s4cnkvxt7vcacaw0w,10000000,2022-06-26 13:45:29,2
3,bc1q0v2spmc4y245tt3yhnsq3s4cnkvxt7vcacaw0w,,,,1
2,bc1qg9m2dcx4s3zyppgj5tgkxtfx9s96ere0lvy74u,bc1q07rfa3k03258emle0r6wwrnjfvmzzchyufk9cr,9423091,2022-06-26 13:45:29,2
3,bc1q07rfa3k03258emle0r6wwrnjfvmzzchyufk9cr,,,,2
1,358XUhiKFgzerNzdJk1WQA8aKz3GPRDzFU,bc1q0nxyajfzgn5ds7na8c06ly8jqypy57vfcuv422ut7alc7jrl8maqtes32m,1030311,2022-06-26 13:30:07,8
2,bc1q0nxyajfzgn5ds7na8c06ly8jqypy57vfcuv422ut7alc7jrl8maqtes32m,3DFsCoPzFPVjzovPb11obVLreACxA7mBS9,6933000,2022-06-28 17:31:31,2
3,3DFsCoPzFPVjzovPb11obVLreACxA7mBS9,bc1q9saqd3uh30e0sas9aggklut9qans3hddhpqqfc,896305579,2022-06-28 17:46:39,2
4,bc1q9saqd3uh30e0sas9aggklut9qans3hddhpqqfc,bc1qv39wmycmhzx63d7cwzsam475laefnnfcxv32hu,741456162,2022-06-28 19:06:15,2
5,bc1qv39wmycmhzx63d7cwzsam475laefnnfcxv32hu,,,2022-06-28 19:44:19,2
5,bc1qv39wmycmhzx63d7cwzsam475laefnnfcxv32hu,,,2022-06-28 19:44:19,2
5,bc1qv39wmycmhzx63d7cwzsam475laefnnfcxv32hu,,,2022-06-28 19:44:19,2
4,bc1q9saqd3uh30e0sas9aggklut9qans3hddhpqqfc,3Ewv2E8sz7RXDbminJbDT4TnPPHRBvC4V3,94989160,2022-06-28 19:06:15,2
5,3Ewv2E8sz7RXDbminJbDT4TnPPHRBvC4V3,,,2022-07-02 11:00:20,51
4,bc1q9saqd3uh30e0sas9aggklut9qans3hddhpqqfc,3CL1PsVjyt5nDPdQfkynexstpzbSvqCV9Y,24175647,2022-06-28 19:06:15,2
5,3CL1PsVjyt5nDPdQfkynexstpzbSvqCV9Y,,,2022-07-06 19:01:13,10
5,3CL1PsVjyt5nDPdQfkynexstpzbSvqCV9Y,,,2022-07-06 19:01:13,10
5,3CL1PsVjyt5nDPdQfkynexstpzbSvqCV9Y,,,2022-07-06 19:01:13,10
1,358XUhiKFgzerNzdJk1WQA8aKz3GPRDzFU,bc1qg9m2dcx4s3zyppgj5tgkxtfx9s96ere0lvy74u,174964,2022-06-26 13:30:07,8
2,bc1qg9m2dcx4s3zyppgj5tgkxtfx9s96ere0lvy74u,bc1q9yn6zdkjjlh0z5y6sqpdvwq7pwkeh5r0ka28ad,25285833,2022-06-26 13:45:29,2
3,bc1q9yn6zdkjjlh0z5y6sqpdvwq7pwkeh5r0ka28ad,,,,139248
2,bc1qg9m2dcx4s3zyppgj5tgkxtfx9s96ere0lvy74u,bc1q0v2spmc4y245tt3yhnsq3s4cnkvxt7vcacaw0w,10000000,2022-06-26 13:45:29,2
3,bc1q0v2spmc4y245tt3yhnsq3s4cnkvxt7vcacaw0w,,,,1
2,bc1qg9m2dcx4s3zyppgj5tgkxtfx9s96ere0lvy74u,bc1q07rfa3k03258emle0r6wwrnjfvmzzchyufk9cr,9423091,2022-06-26 13:45:29,2
3,bc1q07rfa3k03258emle0r6wwrnjfvmzzchyufk9cr,,,,2
1,358XUhiKFgzerNzdJk1WQA8aKz3GPRDzFU,bc1q0nxyajfzgn5ds7na8c06ly8jqypy57vfcuv422ut7alc7jrl8maqtes32m,1030311,2022-06-26 13:30:07,8
2,bc1q0nxyajfzgn5ds7na8c06ly8jqypy57vfcuv422ut7alc7jrl8maqtes32m,3DFsCoPzFPVjzovPb11obVLreACxA7mBS9,6933000,2022-06-28 17:31:31,2
3,3DFsCoPzFPVjzovPb11obVLreACxA7mBS9,bc1q9saqd3uh30e0sas9aggklut9qans3hddhpqqfc,896305579,2022-06-28 17:46:39,2
4,bc1q9saqd3uh30e0sas9aggklut9qans3hddhpqqfc,bc1qv39wmycmhzx63d7cwzsam475laefnnfcxv32hu,741456162,2022-06-28 19:06:15,2
5,bc1qv39wmycmhzx63d7cwzsam475laefnnfcxv32hu,,,2022-06-28 19:44:19,2
5,bc1qv39wmycmhzx63d7cwzsam475laefnnfcxv32hu,,,2022-06-28 19:44:19,2
5,bc1qv39wmycmhzx63d7cwzsam475laefnnfcxv32hu,,,2022-06-28 19:44:19,2
4,bc1q9saqd3uh30e0sas9aggklut9qans3hddhpqqfc,3Ewv2E8sz7RXDbminJbDT4TnPPHRBvC4V3,94989160,2022-06-28 19:06:15,2
5,3Ewv2E8sz7RXDbminJbDT4TnPPHRBvC4V3,,,2022-07-02 11:00:20,51
4,bc1q9saqd3uh30e0sas9aggklut9qans3hddhpqqfc,3CL1PsVjyt5nDPdQfkynexstpzbSvqCV9Y,24175647,2022-06-28 19:06:15,2
5,3CL1PsVjyt5nDPdQfkynexstpzbSvqCV9Y,,,2022-07-06 19:01:13,10
5,3CL1PsVjyt5nDPdQfkynexstpzbSvqCV9Y,,,2022-07-06 19:01:13,10
5,3CL1PsVjyt5nDPdQfkynexstpzbSvqCV9Y,,,2022-07-06 19:01:13,10
1,358XUhiKFgzerNzdJk1WQA8aKz3GPRDzFU,bc1qg9m2dcx4s3zyppgj5tgkxtfx9s96ere0lvy74u,174964,2022-06-26 13:30:07,8
2,bc1qg9m2dcx4s3zyppgj5tgkxtfx9s96ere0lvy74u,bc1q9yn6zdkjjlh0z5y6sqpdvwq7pwkeh5r0ka28ad,25285833,2022-06-26 13:45:29,2
3,bc1q9yn6zdkjjlh0z5y6sqpdvwq7pwkeh5r0ka28ad,,,,139248
2,bc1qg9m2dcx4s3zyppgj5tgkxtfx9s96ere0lvy74u,bc1q0v2spmc4y245tt3yhnsq3s4cnkvxt7vcacaw0w,10000000,2022-06-26 13:45:29,2
3,bc1q0v2spmc4y245tt3yhnsq3s4cnkvxt7vcacaw0w,,,,1
2,bc1qg9m2dcx4s3zyppgj5tgkxtfx9s96ere0lvy74u,bc1q07rfa3k03258emle0r6wwrnjfvmzzchyufk9cr,9423091,2022-06-26 13:45:29,2
3,bc1q07rfa3k03258emle0r6wwrnjfvmzzchyufk9cr,,,,2
1,358XUhiKFgzerNzdJk1WQA8aKz3GPRDzFU,bc1q0nxyajfzgn5ds7na8c06ly8jqypy57vfcuv422ut7alc7jrl8maqtes32m,1030311,2022-06-26 13:30:07,8
2,bc1q0nxyajfzgn5ds7na8c06ly8jqypy57vfcuv422ut7alc7jrl8maqtes32m,3DFsCoPzFPVjzovPb11obVLreACxA7mBS9,6933000,2022-06-28 17:31:31,2
3,3DFsCoPzFPVjzovPb11obVLreACxA7mBS9,bc1q9saqd3uh30e0sas9aggklut9qans3hddhpqqfc,896305579,2022-06-28 17:46:39,2
4,bc1q9saqd3uh30e0sas9aggklut9qans3hddhpqqfc,bc1qv39wmycmhzx63d7cwzsam475laefnnfcxv32hu,741456162,2022-06-28 19:06:15,2
5,bc1qv39wmycmhzx63d7cwzsam475laefnnfcxv32hu,,,2022-06-28 19:44:19,2
5,bc1qv39wmycmhzx63d7cwzsam475laefnnfcxv32hu,,,2022-06-28 19:44:19,2
5,bc1qv39wmycmhzx63d7cwzsam475laefnnfcxv32hu,,,2022-06-28 19:44:19,2
4,bc1q9saqd3uh30e0sas9aggklut9qans3hddhpqqfc,3Ewv2E8sz7RXDbminJbDT4TnPPHRBvC4V3,94989160,2022-06-28 19:06:15,2
5,3Ewv2E8sz7RXDbminJbDT4TnPPHRBvC4V3,,,2022-07-02 11:00:20,51
4,bc1q9saqd3uh30e0sas9aggklut9qans3hddhpqqfc,3CL1PsVjyt5nDPdQfkynexstpzbSvqCV9Y,24175647,2022-06-28 19:06:15,2
5,3CL1PsVjyt5nDPdQfkynexstpzbSvqCV9Y,,,2022-07-06 19:01:13,10
5,3CL1PsVjyt5nDPdQfkynexstpzbSvqCV9Y,,,2022-07-06 19:01:13,10
5,3CL1PsVjyt5nDPdQfkynexstpzbSvqCV9Y,,,2022-07-06 19:01:13,10
1,358XUhiKFgzerNzdJk1WQA8aKz3GPRDzFU,bc1qg9m2dcx4s3zyppgj5tgkxtfx9s96ere0lvy74u,174964,2022-06-26 13:30:07,8
2,bc1qg9m2dcx4s3zyppgj5tgkxtfx9s96ere0lvy74u,bc1q9yn6zdkjjlh0z5y6sqpdvwq7pwkeh5r0ka28ad,25285833,2022-06-26 13:45:29,2
3,bc1q9yn6zdkjjlh0z5y6sqpdvwq7pwkeh5r0ka28ad,,,,139248
2,bc1qg9m2dcx4s3zyppgj5tgkxtfx9s96ere0lvy74u,bc1q0v2spmc4y245tt3yhnsq3s4cnkvxt7vcacaw0w,10000000,2022-06-26 13:45:29,2
3,bc1q0v2spmc4y245tt3yhnsq3s4cnkvxt7vcacaw0w,,,,1
2,bc1qg9m2dcx4s3zyppgj5tgkxtfx9s96ere0lvy74u,bc1q07rfa3k03258emle0r6wwrnjfvmzzchyufk9cr,9423091,2022-06-26 13:45:29,2
3,bc1q07rfa3k03258emle0r6wwrnjfvmzzchyufk9cr,,,,2
